{"cameraMode":{"drawMode":0,"name":"Shaded","section":"Shading Mode"},"sceneLighting":true,"audioPlay":false,"sceneViewState":{"m_AlwaysRefresh":false,"showFog":false,"showSkybox":false,"showFlares":false,"showImageEffects":false,"showParticleSystems":false,"showVisualEffectGraphs":true,"m_FxEnabled":true},"in2DMode":false,"pivot":{"x":281.80670166015627,"y":-105.61638641357422,"z":170.11959838867188},"rotation":{"x":0.15082207322120667,"y":0.4731499254703522,"z":-0.08258584141731262,"w":0.8640497922897339},"size":185.98757934570313,"orthographic":false}