{"cameraMode":{"drawMode":0,"name":"Shaded","section":"Shading Mode"},"sceneLighting":true,"audioPlay":false,"sceneViewState":{"m_AlwaysRefresh":false,"showFog":false,"showSkybox":false,"showFlares":false,"showImageEffects":false,"showParticleSystems":false,"showVisualEffectGraphs":true,"m_FxEnabled":true},"in2DMode":false,"pivot":{"x":0.32405805587768557,"y":1.1051641702651978,"z":-5.662258148193359},"rotation":{"x":0.0033069406636059286,"y":0.8520961403846741,"z":-0.005373718217015266,"w":0.5233650803565979},"size":5.671561241149902,"orthographic":false}