{"cameraMode":{"drawMode":0,"name":"Shaded","section":"Shading Mode"},"sceneLighting":true,"audioPlay":false,"sceneViewState":{"m_AlwaysRefresh":false,"showFog":false,"showSkybox":false,"showFlares":false,"showImageEffects":false,"showParticleSystems":false,"showVisualEffectGraphs":true,"m_FxEnabled":true},"in2DMode":false,"pivot":{"x":-23.069072723388673,"y":-13.394227981567383,"z":19.089859008789064},"rotation":{"x":0.2159281224012375,"y":-0.45421794056892397,"z":0.11448175460100174,"w":0.8567239046096802},"size":27.581695556640626,"orthographic":false}