{"cameraMode":{"drawMode":0,"name":"Shaded","section":"Shading Mode"},"sceneLighting":true,"audioPlay":false,"sceneViewState":{"m_AlwaysRefresh":false,"showFog":false,"showSkybox":false,"showFlares":false,"showImageEffects":false,"showParticleSystems":false,"showVisualEffectGraphs":true,"m_FxEnabled":true},"in2DMode":false,"pivot":{"x":334.65155029296877,"y":267.362060546875,"z":39.699615478515628},"rotation":{"x":0.008394395001232624,"y":0.028495334088802339,"z":-0.00023897728533484042,"w":0.9995608329772949},"size":238.13052368164063,"orthographic":false}